{"name":"bgadoci_lahmans-baseball-database","title":"Lahman’s Baseball Database","description":"Baseball statistics from 1871 to 2015.\n\nThis data was downloaded from http://www.seanlahman.com/baseball-archive/statistics/.  Earlier versions are available at that link.\n\n---\n\nThe updated version of the database contains complete batting and pitching statistics from 1871 to 2015, plus fielding statistics, standings, team stats, managerial records, post-season data, and more. For more details on the latest release, please read the documentation.\n\nThe database can be used on any platform, but please be aware that this is not a standalone application. It is a database that requires Microsoft Access or some other relational database software to be useful.\n\n### Limited Use License\n\nThis database is copyright 1996-2016 by Sean Lahman.\n\nThis work is licensed under a Creative Commons Attribution-ShareAlike 3.0 Unported License.  For details see: http://creativecommons.org/licenses/by-sa/3.0/\n\nThanks to Ted Turocy of the Chadwick Baseball Bureau, who did the heavy lifting to make the 2015 update possible. Ted also hosts a version of the data at github, for folks who are inclined to interface with it that way. Adam McIntosh created the SQL version.","homepage":"https://data.world/bgadoci/lahmans-baseball-database","license":"CC-BY-SA","resources":[{"name":"allstarfull","schema":{"fields":[{"name":"playerid","title":"playerID","type":"string","rdfType":"http://www.w3.org/2001/XMLSchema#string","dwSourceId":"playerid"},{"name":"yearid","title":"yearID","type":"integer","rdfType":"http://www.w3.org/2001/XMLSchema#integer","dwSourceId":"yearid"},{"name":"gamenum","title":"gameNum","type":"integer","rdfType":"http://www.w3.org/2001/XMLSchema#integer","dwSourceId":"gamenum"},{"name":"gameid","title":"gameID","type":"string","rdfType":"http://www.w3.org/2001/XMLSchema#string","dwSourceId":"gameid"},{"name":"teamid","title":"teamID","type":"string","rdfType":"http://www.w3.org/2001/XMLSchema#string","dwSourceId":"teamid"},{"name":"lgid","title":"lgID","type":"string","rdfType":"http://www.w3.org/2001/XMLSchema#string","dwSourceId":"lgid"},{"name":"gp","title":"GP","type":"boolean","rdfType":"http://www.w3.org/2001/XMLSchema#boolean","dwSourceId":"gp"},{"name":"startingpos","title":"startingPos","type":"integer","rdfType":"http://www.w3.org/2001/XMLSchema#integer","dwSourceId":"startingpos"}]},"path":"data/allstarfull.csv","format":"csv"},{"name":"appearances","schema":{"fields":[{"name":"yearid","title":"yearID","type":"integer","rdfType":"http://www.w3.org/2001/XMLSchema#integer","dwSourceId":"yearid"},{"name":"teamid","title":"teamID","type":"string","rdfType":"http://www.w3.org/2001/XMLSchema#string","dwSourceId":"teamid"},{"name":"lgid","title":"lgID","type":"string","rdfType":"http://www.w3.org/2001/XMLSchema#string","dwSourceId":"lgid"},{"name":"playerid","title":"playerID","type":"string","rdfType":"http://www.w3.org/2001/XMLSchema#string","dwSourceId":"playerid"},{"name":"g_all","title":"G_all","type":"integer","rdfType":"http://www.w3.org/2001/XMLSchema#integer","dwSourceId":"g_all"},{"name":"gs","title":"GS","type":"integer","rdfType":"http://www.w3.org/2001/XMLSchema#integer","dwSourceId":"gs"},{"name":"g_batting","title":"G_batting","type":"integer","rdfType":"http://www.w3.org/2001/XMLSchema#integer","dwSourceId":"g_batting"},{"name":"g_defense","title":"G_defense","type":"integer","rdfType":"http://www.w3.org/2001/XMLSchema#integer","dwSourceId":"g_defense"},{"name":"g_p","title":"G_p","type":"integer","rdfType":"http://www.w3.org/2001/XMLSchema#integer","dwSourceId":"g_p"},{"name":"g_c","title":"G_c","type":"integer","rdfType":"http://www.w3.org/2001/XMLSchema#integer","dwSourceId":"g_c"},{"name":"g_1b","title":"G_1b","type":"integer","rdfType":"http://www.w3.org/2001/XMLSchema#integer","dwSourceId":"g_1b"},{"name":"g_2b","title":"G_2b","type":"integer","rdfType":"http://www.w3.org/2001/XMLSchema#integer","dwSourceId":"g_2b"},{"name":"g_3b","title":"G_3b","type":"integer","rdfType":"http://www.w3.org/2001/XMLSchema#integer","dwSourceId":"g_3b"},{"name":"g_ss","title":"G_ss","type":"integer","rdfType":"http://www.w3.org/2001/XMLSchema#integer","dwSourceId":"g_ss"},{"name":"g_lf","title":"G_lf","type":"integer","rdfType":"http://www.w3.org/2001/XMLSchema#integer","dwSourceId":"g_lf"},{"name":"g_cf","title":"G_cf","type":"integer","rdfType":"http://www.w3.org/2001/XMLSchema#integer","dwSourceId":"g_cf"},{"name":"g_rf","title":"G_rf","type":"integer","rdfType":"http://www.w3.org/2001/XMLSchema#integer","dwSourceId":"g_rf"},{"name":"g_of","title":"G_of","type":"integer","rdfType":"http://www.w3.org/2001/XMLSchema#integer","dwSourceId":"g_of"},{"name":"g_dh","title":"G_dh","type":"integer","rdfType":"http://www.w3.org/2001/XMLSchema#integer","dwSourceId":"g_dh"},{"name":"g_ph","title":"G_ph","type":"integer","rdfType":"http://www.w3.org/2001/XMLSchema#integer","dwSourceId":"g_ph"},{"name":"g_pr","title":"G_pr","type":"integer","rdfType":"http://www.w3.org/2001/XMLSchema#integer","dwSourceId":"g_pr"}]},"path":"data/appearances.csv","format":"csv"},{"name":"awardsmanagers","schema":{"fields":[{"name":"playerid","title":"playerID","type":"string","rdfType":"http://www.w3.org/2001/XMLSchema#string","dwSourceId":"playerid"},{"name":"awardid","title":"awardID","type":"string","rdfType":"http://www.w3.org/2001/XMLSchema#string","dwSourceId":"awardid"},{"name":"yearid","title":"yearID","type":"integer","rdfType":"http://www.w3.org/2001/XMLSchema#integer","dwSourceId":"yearid"},{"name":"lgid","title":"lgID","type":"string","rdfType":"http://www.w3.org/2001/XMLSchema#string","dwSourceId":"lgid"},{"name":"tie","title":"tie","type":"boolean","rdfType":"http://www.w3.org/2001/XMLSchema#boolean","dwSourceId":"tie"},{"name":"notes","title":"notes","type":"string","rdfType":"http://www.w3.org/2001/XMLSchema#string","dwSourceId":"notes"}]},"path":"data/awardsmanagers.csv","format":"csv"},{"name":"awardsplayers","schema":{"fields":[{"name":"playerid","title":"playerID","type":"string","rdfType":"http://www.w3.org/2001/XMLSchema#string","dwSourceId":"playerid"},{"name":"awardid","title":"awardID","type":"string","rdfType":"http://www.w3.org/2001/XMLSchema#string","dwSourceId":"awardid"},{"name":"yearid","title":"yearID","type":"integer","rdfType":"http://www.w3.org/2001/XMLSchema#integer","dwSourceId":"yearid"},{"name":"lgid","title":"lgID","type":"string","rdfType":"http://www.w3.org/2001/XMLSchema#string","dwSourceId":"lgid"},{"name":"tie","title":"tie","type":"boolean","rdfType":"http://www.w3.org/2001/XMLSchema#boolean","dwSourceId":"tie"},{"name":"notes","title":"notes","type":"string","rdfType":"http://www.w3.org/2001/XMLSchema#string","dwSourceId":"notes"}]},"path":"data/awardsplayers.csv","format":"csv"},{"name":"awardssharemanagers","schema":{"fields":[{"name":"awardid","title":"awardID","type":"string","rdfType":"http://www.w3.org/2001/XMLSchema#string","dwSourceId":"awardid"},{"name":"yearid","title":"yearID","type":"integer","rdfType":"http://www.w3.org/2001/XMLSchema#integer","dwSourceId":"yearid"},{"name":"lgid","title":"lgID","type":"string","rdfType":"http://www.w3.org/2001/XMLSchema#string","dwSourceId":"lgid"},{"name":"playerid","title":"playerID","type":"string","rdfType":"http://www.w3.org/2001/XMLSchema#string","dwSourceId":"playerid"},{"name":"pointswon","title":"pointsWon","type":"integer","rdfType":"http://www.w3.org/2001/XMLSchema#integer","dwSourceId":"pointswon"},{"name":"pointsmax","title":"pointsMax","type":"integer","rdfType":"http://www.w3.org/2001/XMLSchema#integer","dwSourceId":"pointsmax"},{"name":"votesfirst","title":"votesFirst","type":"integer","rdfType":"http://www.w3.org/2001/XMLSchema#integer","dwSourceId":"votesfirst"}]},"path":"data/awardssharemanagers.csv","format":"csv"},{"name":"awardsshareplayers","schema":{"fields":[{"name":"awardid","title":"awardID","type":"string","rdfType":"http://www.w3.org/2001/XMLSchema#string","dwSourceId":"awardid"},{"name":"yearid","title":"yearID","type":"integer","rdfType":"http://www.w3.org/2001/XMLSchema#integer","dwSourceId":"yearid"},{"name":"lgid","title":"lgID","type":"string","rdfType":"http://www.w3.org/2001/XMLSchema#string","dwSourceId":"lgid"},{"name":"playerid","title":"playerID","type":"string","rdfType":"http://www.w3.org/2001/XMLSchema#string","dwSourceId":"playerid"},{"name":"pointswon","title":"pointsWon","type":"number","rdfType":"http://www.w3.org/2001/XMLSchema#decimal","dwSourceId":"pointswon"},{"name":"pointsmax","title":"pointsMax","type":"integer","rdfType":"http://www.w3.org/2001/XMLSchema#integer","dwSourceId":"pointsmax"},{"name":"votesfirst","title":"votesFirst","type":"number","rdfType":"http://www.w3.org/2001/XMLSchema#decimal","dwSourceId":"votesfirst"}]},"path":"data/awardsshareplayers.csv","format":"csv"},{"name":"batting","schema":{"fields":[{"name":"playerid","title":"playerID","type":"string","rdfType":"http://www.w3.org/2001/XMLSchema#string","dwSourceId":"playerid"},{"name":"yearid","title":"yearID","type":"integer","rdfType":"http://www.w3.org/2001/XMLSchema#integer","dwSourceId":"yearid"},{"name":"stint","title":"stint","type":"integer","rdfType":"http://www.w3.org/2001/XMLSchema#integer","dwSourceId":"stint"},{"name":"teamid","title":"teamID","type":"string","rdfType":"http://www.w3.org/2001/XMLSchema#string","dwSourceId":"teamid"},{"name":"lgid","title":"lgID","type":"string","rdfType":"http://www.w3.org/2001/XMLSchema#string","dwSourceId":"lgid"},{"name":"g","title":"G","type":"integer","rdfType":"http://www.w3.org/2001/XMLSchema#integer","dwSourceId":"g"},{"name":"ab","title":"AB","type":"integer","rdfType":"http://www.w3.org/2001/XMLSchema#integer","dwSourceId":"ab"},{"name":"r","title":"R","type":"integer","rdfType":"http://www.w3.org/2001/XMLSchema#integer","dwSourceId":"r"},{"name":"h","title":"H","type":"integer","rdfType":"http://www.w3.org/2001/XMLSchema#integer","dwSourceId":"h"},{"name":"2b","title":"2B","type":"integer","rdfType":"http://www.w3.org/2001/XMLSchema#integer","dwSourceId":"2b"},{"name":"3b","title":"3B","type":"integer","rdfType":"http://www.w3.org/2001/XMLSchema#integer","dwSourceId":"3b"},{"name":"hr","title":"HR","type":"integer","rdfType":"http://www.w3.org/2001/XMLSchema#integer","dwSourceId":"hr"},{"name":"rbi","title":"RBI","type":"integer","rdfType":"http://www.w3.org/2001/XMLSchema#integer","dwSourceId":"rbi"},{"name":"sb","title":"SB","type":"integer","rdfType":"http://www.w3.org/2001/XMLSchema#integer","dwSourceId":"sb"},{"name":"cs","title":"CS","type":"integer","rdfType":"http://www.w3.org/2001/XMLSchema#integer","dwSourceId":"cs"},{"name":"bb","title":"BB","type":"integer","rdfType":"http://www.w3.org/2001/XMLSchema#integer","dwSourceId":"bb"},{"name":"so","title":"SO","type":"integer","rdfType":"http://www.w3.org/2001/XMLSchema#integer","dwSourceId":"so"},{"name":"ibb","title":"IBB","type":"integer","rdfType":"http://www.w3.org/2001/XMLSchema#integer","dwSourceId":"ibb"},{"name":"hbp","title":"HBP","type":"integer","rdfType":"http://www.w3.org/2001/XMLSchema#integer","dwSourceId":"hbp"},{"name":"sh","title":"SH","type":"integer","rdfType":"http://www.w3.org/2001/XMLSchema#integer","dwSourceId":"sh"},{"name":"sf","title":"SF","type":"integer","rdfType":"http://www.w3.org/2001/XMLSchema#integer","dwSourceId":"sf"},{"name":"gidp","title":"GIDP","type":"integer","rdfType":"http://www.w3.org/2001/XMLSchema#integer","dwSourceId":"gidp"}]},"path":"data/batting.csv","format":"csv"},{"name":"battingpost","schema":{"fields":[{"name":"yearid","title":"yearID","type":"integer","rdfType":"http://www.w3.org/2001/XMLSchema#integer","dwSourceId":"yearid"},{"name":"round","title":"round","type":"string","rdfType":"http://www.w3.org/2001/XMLSchema#string","dwSourceId":"round"},{"name":"playerid","title":"playerID","type":"string","rdfType":"http://www.w3.org/2001/XMLSchema#string","dwSourceId":"playerid"},{"name":"teamid","title":"teamID","type":"string","rdfType":"http://www.w3.org/2001/XMLSchema#string","dwSourceId":"teamid"},{"name":"lgid","title":"lgID","type":"string","rdfType":"http://www.w3.org/2001/XMLSchema#string","dwSourceId":"lgid"},{"name":"g","title":"G","type":"integer","rdfType":"http://www.w3.org/2001/XMLSchema#integer","dwSourceId":"g"},{"name":"ab","title":"AB","type":"integer","rdfType":"http://www.w3.org/2001/XMLSchema#integer","dwSourceId":"ab"},{"name":"r","title":"R","type":"integer","rdfType":"http://www.w3.org/2001/XMLSchema#integer","dwSourceId":"r"},{"name":"h","title":"H","type":"integer","rdfType":"http://www.w3.org/2001/XMLSchema#integer","dwSourceId":"h"},{"name":"2b","title":"2B","type":"integer","rdfType":"http://www.w3.org/2001/XMLSchema#integer","dwSourceId":"2b"},{"name":"3b","title":"3B","type":"integer","rdfType":"http://www.w3.org/2001/XMLSchema#integer","dwSourceId":"3b"},{"name":"hr","title":"HR","type":"integer","rdfType":"http://www.w3.org/2001/XMLSchema#integer","dwSourceId":"hr"},{"name":"rbi","title":"RBI","type":"integer","rdfType":"http://www.w3.org/2001/XMLSchema#integer","dwSourceId":"rbi"},{"name":"sb","title":"SB","type":"integer","rdfType":"http://www.w3.org/2001/XMLSchema#integer","dwSourceId":"sb"},{"name":"cs","title":"CS","type":"integer","rdfType":"http://www.w3.org/2001/XMLSchema#integer","dwSourceId":"cs"},{"name":"bb","title":"BB","type":"integer","rdfType":"http://www.w3.org/2001/XMLSchema#integer","dwSourceId":"bb"},{"name":"so","title":"SO","type":"integer","rdfType":"http://www.w3.org/2001/XMLSchema#integer","dwSourceId":"so"},{"name":"ibb","title":"IBB","type":"integer","rdfType":"http://www.w3.org/2001/XMLSchema#integer","dwSourceId":"ibb"},{"name":"hbp","title":"HBP","type":"integer","rdfType":"http://www.w3.org/2001/XMLSchema#integer","dwSourceId":"hbp"},{"name":"sh","title":"SH","type":"integer","rdfType":"http://www.w3.org/2001/XMLSchema#integer","dwSourceId":"sh"},{"name":"sf","title":"SF","type":"integer","rdfType":"http://www.w3.org/2001/XMLSchema#integer","dwSourceId":"sf"},{"name":"gidp","title":"GIDP","type":"integer","rdfType":"http://www.w3.org/2001/XMLSchema#integer","dwSourceId":"gidp"}]},"path":"data/battingpost.csv","format":"csv"},{"name":"collegeplaying","schema":{"fields":[{"name":"playerid","title":"playerID","type":"string","rdfType":"http://www.w3.org/2001/XMLSchema#string","dwSourceId":"playerid"},{"name":"schoolid","title":"schoolID","type":"string","rdfType":"http://www.w3.org/2001/XMLSchema#string","dwSourceId":"schoolid"},{"name":"yearid","title":"yearID","type":"integer","rdfType":"http://www.w3.org/2001/XMLSchema#integer","dwSourceId":"yearid"}]},"path":"data/collegeplaying.csv","format":"csv"},{"name":"fielding","schema":{"fields":[{"name":"playerid","title":"playerID","type":"string","rdfType":"http://www.w3.org/2001/XMLSchema#string","dwSourceId":"playerid"},{"name":"yearid","title":"yearID","type":"integer","rdfType":"http://www.w3.org/2001/XMLSchema#integer","dwSourceId":"yearid"},{"name":"stint","title":"stint","type":"integer","rdfType":"http://www.w3.org/2001/XMLSchema#integer","dwSourceId":"stint"},{"name":"teamid","title":"teamID","type":"string","rdfType":"http://www.w3.org/2001/XMLSchema#string","dwSourceId":"teamid"},{"name":"lgid","title":"lgID","type":"string","rdfType":"http://www.w3.org/2001/XMLSchema#string","dwSourceId":"lgid"},{"name":"pos","title":"POS","type":"string","rdfType":"http://www.w3.org/2001/XMLSchema#string","dwSourceId":"pos"},{"name":"g","title":"G","type":"integer","rdfType":"http://www.w3.org/2001/XMLSchema#integer","dwSourceId":"g"},{"name":"gs","title":"GS","type":"integer","rdfType":"http://www.w3.org/2001/XMLSchema#integer","dwSourceId":"gs"},{"name":"innouts","title":"InnOuts","type":"integer","rdfType":"http://www.w3.org/2001/XMLSchema#integer","dwSourceId":"innouts"},{"name":"po","title":"PO","type":"integer","rdfType":"http://www.w3.org/2001/XMLSchema#integer","dwSourceId":"po"},{"name":"a","title":"A","type":"integer","rdfType":"http://www.w3.org/2001/XMLSchema#integer","dwSourceId":"a"},{"name":"e","title":"E","type":"integer","rdfType":"http://www.w3.org/2001/XMLSchema#integer","dwSourceId":"e"},{"name":"dp","title":"DP","type":"integer","rdfType":"http://www.w3.org/2001/XMLSchema#integer","dwSourceId":"dp"},{"name":"pb","title":"PB","type":"integer","rdfType":"http://www.w3.org/2001/XMLSchema#integer","dwSourceId":"pb"},{"name":"wp","title":"WP","type":"integer","rdfType":"http://www.w3.org/2001/XMLSchema#integer","dwSourceId":"wp"},{"name":"sb","title":"SB","type":"integer","rdfType":"http://www.w3.org/2001/XMLSchema#integer","dwSourceId":"sb"},{"name":"cs","title":"CS","type":"integer","rdfType":"http://www.w3.org/2001/XMLSchema#integer","dwSourceId":"cs"},{"name":"zr","title":"ZR","type":"integer","rdfType":"http://www.w3.org/2001/XMLSchema#integer","dwSourceId":"zr"}]},"path":"data/fielding.csv","format":"csv"},{"name":"fieldingof","schema":{"fields":[{"name":"playerid","title":"playerID","type":"string","rdfType":"http://www.w3.org/2001/XMLSchema#string","dwSourceId":"playerid"},{"name":"yearid","title":"yearID","type":"integer","rdfType":"http://www.w3.org/2001/XMLSchema#integer","dwSourceId":"yearid"},{"name":"stint","title":"stint","type":"integer","rdfType":"http://www.w3.org/2001/XMLSchema#integer","dwSourceId":"stint"},{"name":"glf","title":"Glf","type":"integer","rdfType":"http://www.w3.org/2001/XMLSchema#integer","dwSourceId":"glf"},{"name":"gcf","title":"Gcf","type":"integer","rdfType":"http://www.w3.org/2001/XMLSchema#integer","dwSourceId":"gcf"},{"name":"grf","title":"Grf","type":"integer","rdfType":"http://www.w3.org/2001/XMLSchema#integer","dwSourceId":"grf"}]},"path":"data/fieldingof.csv","format":"csv"},{"name":"fieldingpost","schema":{"fields":[{"name":"playerid","title":"playerID","type":"string","rdfType":"http://www.w3.org/2001/XMLSchema#string","dwSourceId":"playerid"},{"name":"yearid","title":"yearID","type":"integer","rdfType":"http://www.w3.org/2001/XMLSchema#integer","dwSourceId":"yearid"},{"name":"teamid","title":"teamID","type":"string","rdfType":"http://www.w3.org/2001/XMLSchema#string","dwSourceId":"teamid"},{"name":"lgid","title":"lgID","type":"string","rdfType":"http://www.w3.org/2001/XMLSchema#string","dwSourceId":"lgid"},{"name":"round","title":"round","type":"string","rdfType":"http://www.w3.org/2001/XMLSchema#string","dwSourceId":"round"},{"name":"pos","title":"POS","type":"string","rdfType":"http://www.w3.org/2001/XMLSchema#string","dwSourceId":"pos"},{"name":"g","title":"G","type":"integer","rdfType":"http://www.w3.org/2001/XMLSchema#integer","dwSourceId":"g"},{"name":"gs","title":"GS","type":"integer","rdfType":"http://www.w3.org/2001/XMLSchema#integer","dwSourceId":"gs"},{"name":"innouts","title":"InnOuts","type":"integer","rdfType":"http://www.w3.org/2001/XMLSchema#integer","dwSourceId":"innouts"},{"name":"po","title":"PO","type":"integer","rdfType":"http://www.w3.org/2001/XMLSchema#integer","dwSourceId":"po"},{"name":"a","title":"A","type":"integer","rdfType":"http://www.w3.org/2001/XMLSchema#integer","dwSourceId":"a"},{"name":"e","title":"E","type":"integer","rdfType":"http://www.w3.org/2001/XMLSchema#integer","dwSourceId":"e"},{"name":"dp","title":"DP","type":"integer","rdfType":"http://www.w3.org/2001/XMLSchema#integer","dwSourceId":"dp"},{"name":"tp","title":"TP","type":"boolean","rdfType":"http://www.w3.org/2001/XMLSchema#boolean","dwSourceId":"tp"},{"name":"pb","title":"PB","type":"integer","rdfType":"http://www.w3.org/2001/XMLSchema#integer","dwSourceId":"pb"},{"name":"sb","title":"SB","type":"integer","rdfType":"http://www.w3.org/2001/XMLSchema#integer","dwSourceId":"sb"},{"name":"cs","title":"CS","type":"integer","rdfType":"http://www.w3.org/2001/XMLSchema#integer","dwSourceId":"cs"}]},"path":"data/fieldingpost.csv","format":"csv"},{"name":"halloffame","schema":{"fields":[{"name":"playerid","title":"playerID","type":"string","rdfType":"http://www.w3.org/2001/XMLSchema#string","dwSourceId":"playerid"},{"name":"yearid","title":"yearid","type":"integer","rdfType":"http://www.w3.org/2001/XMLSchema#integer","dwSourceId":"yearid"},{"name":"votedby","title":"votedBy","type":"string","rdfType":"http://www.w3.org/2001/XMLSchema#string","dwSourceId":"votedby"},{"name":"ballots","title":"ballots","type":"integer","rdfType":"http://www.w3.org/2001/XMLSchema#integer","dwSourceId":"ballots"},{"name":"needed","title":"needed","type":"integer","rdfType":"http://www.w3.org/2001/XMLSchema#integer","dwSourceId":"needed"},{"name":"votes","title":"votes","type":"integer","rdfType":"http://www.w3.org/2001/XMLSchema#integer","dwSourceId":"votes"},{"name":"inducted","title":"inducted","type":"boolean","rdfType":"http://www.w3.org/2001/XMLSchema#boolean","dwSourceId":"inducted"},{"name":"category","title":"category","type":"string","rdfType":"http://www.w3.org/2001/XMLSchema#string","dwSourceId":"category"},{"name":"needed_note","title":"needed_note","type":"string","rdfType":"http://www.w3.org/2001/XMLSchema#string","dwSourceId":"needed_note"}]},"path":"data/halloffame.csv","format":"csv"},{"name":"homegames","schema":{"fields":[{"name":"year_key","title":"year.key","type":"integer","rdfType":"http://www.w3.org/2001/XMLSchema#integer","dwSourceId":"year_key"},{"name":"league_key","title":"league.key","type":"string","rdfType":"http://www.w3.org/2001/XMLSchema#string","dwSourceId":"league_key"},{"name":"team_key","title":"team.key","type":"string","rdfType":"http://www.w3.org/2001/XMLSchema#string","dwSourceId":"team_key"},{"name":"park_key","title":"park.key","type":"string","rdfType":"http://www.w3.org/2001/XMLSchema#string","dwSourceId":"park_key"},{"name":"span_first","title":"span.first","type":"date","rdfType":"http://www.w3.org/2001/XMLSchema#date","dwSourceId":"span_first"},{"name":"span_last","title":"span.last","type":"date","rdfType":"http://www.w3.org/2001/XMLSchema#date","dwSourceId":"span_last"},{"name":"games","title":"games","type":"integer","rdfType":"http://www.w3.org/2001/XMLSchema#integer","dwSourceId":"games"},{"name":"openings","title":"openings","type":"integer","rdfType":"http://www.w3.org/2001/XMLSchema#integer","dwSourceId":"openings"},{"name":"attendance","title":"attendance","type":"integer","rdfType":"http://www.w3.org/2001/XMLSchema#integer","dwSourceId":"attendance"}]},"path":"data/homegames.csv","format":"csv"},{"name":"managers","schema":{"fields":[{"name":"playerid","title":"playerID","type":"string","rdfType":"http://www.w3.org/2001/XMLSchema#string","dwSourceId":"playerid"},{"name":"yearid","title":"yearID","type":"integer","rdfType":"http://www.w3.org/2001/XMLSchema#integer","dwSourceId":"yearid"},{"name":"teamid","title":"teamID","type":"string","rdfType":"http://www.w3.org/2001/XMLSchema#string","dwSourceId":"teamid"},{"name":"lgid","title":"lgID","type":"string","rdfType":"http://www.w3.org/2001/XMLSchema#string","dwSourceId":"lgid"},{"name":"inseason","title":"inseason","type":"integer","rdfType":"http://www.w3.org/2001/XMLSchema#integer","dwSourceId":"inseason"},{"name":"g","title":"G","type":"integer","rdfType":"http://www.w3.org/2001/XMLSchema#integer","dwSourceId":"g"},{"name":"w","title":"W","type":"integer","rdfType":"http://www.w3.org/2001/XMLSchema#integer","dwSourceId":"w"},{"name":"l","title":"L","type":"integer","rdfType":"http://www.w3.org/2001/XMLSchema#integer","dwSourceId":"l"},{"name":"rank","title":"rank","type":"integer","rdfType":"http://www.w3.org/2001/XMLSchema#integer","dwSourceId":"rank"},{"name":"plyrmgr","title":"plyrMgr","type":"boolean","rdfType":"http://www.w3.org/2001/XMLSchema#boolean","dwSourceId":"plyrmgr"}]},"path":"data/managers.csv","format":"csv"},{"name":"managershalf","schema":{"fields":[{"name":"playerid","title":"playerID","type":"string","rdfType":"http://www.w3.org/2001/XMLSchema#string","dwSourceId":"playerid"},{"name":"yearid","title":"yearID","type":"integer","rdfType":"http://www.w3.org/2001/XMLSchema#integer","dwSourceId":"yearid"},{"name":"teamid","title":"teamID","type":"string","rdfType":"http://www.w3.org/2001/XMLSchema#string","dwSourceId":"teamid"},{"name":"lgid","title":"lgID","type":"string","rdfType":"http://www.w3.org/2001/XMLSchema#string","dwSourceId":"lgid"},{"name":"inseason","title":"inseason","type":"integer","rdfType":"http://www.w3.org/2001/XMLSchema#integer","dwSourceId":"inseason"},{"name":"half","title":"half","type":"integer","rdfType":"http://www.w3.org/2001/XMLSchema#integer","dwSourceId":"half"},{"name":"g","title":"G","type":"integer","rdfType":"http://www.w3.org/2001/XMLSchema#integer","dwSourceId":"g"},{"name":"w","title":"W","type":"integer","rdfType":"http://www.w3.org/2001/XMLSchema#integer","dwSourceId":"w"},{"name":"l","title":"L","type":"integer","rdfType":"http://www.w3.org/2001/XMLSchema#integer","dwSourceId":"l"},{"name":"rank","title":"rank","type":"integer","rdfType":"http://www.w3.org/2001/XMLSchema#integer","dwSourceId":"rank"}]},"path":"data/managershalf.csv","format":"csv"},{"name":"master","schema":{"fields":[{"name":"playerid","title":"playerID","type":"string","rdfType":"http://www.w3.org/2001/XMLSchema#string","dwSourceId":"playerid"},{"name":"birthyear","title":"birthYear","type":"gyear","rdfType":"http://www.w3.org/2001/XMLSchema#gYear","dwSourceId":"birthyear"},{"name":"birthmonth","title":"birthMonth","type":"integer","rdfType":"http://www.w3.org/2001/XMLSchema#integer","dwSourceId":"birthmonth"},{"name":"birthday","title":"birthDay","type":"integer","rdfType":"http://www.w3.org/2001/XMLSchema#integer","dwSourceId":"birthday"},{"name":"birthcountry","title":"birthCountry","type":"string","rdfType":"http://www.w3.org/2001/XMLSchema#string","dwSourceId":"birthcountry"},{"name":"birthstate","title":"birthState","type":"string","rdfType":"http://www.w3.org/2001/XMLSchema#string","dwSourceId":"birthstate"},{"name":"birthcity","title":"birthCity","type":"string","rdfType":"http://www.w3.org/2001/XMLSchema#string","dwSourceId":"birthcity"},{"name":"deathyear","title":"deathYear","type":"gyear","rdfType":"http://www.w3.org/2001/XMLSchema#gYear","dwSourceId":"deathyear"},{"name":"deathmonth","title":"deathMonth","type":"integer","rdfType":"http://www.w3.org/2001/XMLSchema#integer","dwSourceId":"deathmonth"},{"name":"deathday","title":"deathDay","type":"integer","rdfType":"http://www.w3.org/2001/XMLSchema#integer","dwSourceId":"deathday"},{"name":"deathcountry","title":"deathCountry","type":"string","rdfType":"http://www.w3.org/2001/XMLSchema#string","dwSourceId":"deathcountry"},{"name":"deathstate","title":"deathState","type":"string","rdfType":"http://www.w3.org/2001/XMLSchema#string","dwSourceId":"deathstate"},{"name":"deathcity","title":"deathCity","type":"string","rdfType":"http://www.w3.org/2001/XMLSchema#string","dwSourceId":"deathcity"},{"name":"namefirst","title":"nameFirst","type":"string","rdfType":"http://www.w3.org/2001/XMLSchema#string","dwSourceId":"namefirst"},{"name":"namelast","title":"nameLast","type":"string","rdfType":"http://www.w3.org/2001/XMLSchema#string","dwSourceId":"namelast"},{"name":"namegiven","title":"nameGiven","type":"string","rdfType":"http://www.w3.org/2001/XMLSchema#string","dwSourceId":"namegiven"},{"name":"weight","title":"weight","type":"integer","rdfType":"http://www.w3.org/2001/XMLSchema#integer","dwSourceId":"weight"},{"name":"height","title":"height","type":"integer","rdfType":"http://www.w3.org/2001/XMLSchema#integer","dwSourceId":"height"},{"name":"bats","title":"bats","type":"string","rdfType":"http://www.w3.org/2001/XMLSchema#string","dwSourceId":"bats"},{"name":"throws","title":"throws","type":"string","rdfType":"http://www.w3.org/2001/XMLSchema#string","dwSourceId":"throws"},{"name":"debut","title":"debut","type":"date","rdfType":"http://www.w3.org/2001/XMLSchema#date","dwSourceId":"debut"},{"name":"finalgame","title":"finalGame","type":"date","rdfType":"http://www.w3.org/2001/XMLSchema#date","dwSourceId":"finalgame"},{"name":"retroid","title":"retroID","type":"string","rdfType":"http://www.w3.org/2001/XMLSchema#string","dwSourceId":"retroid"},{"name":"bbrefid","title":"bbrefID","type":"string","rdfType":"http://www.w3.org/2001/XMLSchema#string","dwSourceId":"bbrefid"},{"name":"birth_date","title":"birth Date","type":"date","rdfType":"http://www.w3.org/2001/XMLSchema#date","dwSourceId":"birth_date"},{"name":"death_date","title":"death Date","type":"date","rdfType":"http://www.w3.org/2001/XMLSchema#date","dwSourceId":"death_date"}]},"path":"data/master.csv","format":"csv"},{"name":"parks","schema":{"fields":[{"name":"park_key","title":"park.key","type":"string","rdfType":"http://www.w3.org/2001/XMLSchema#string","dwSourceId":"park_key"},{"name":"park_name","title":"park.name","type":"string","rdfType":"http://www.w3.org/2001/XMLSchema#string","dwSourceId":"park_name"},{"name":"park_alias","title":"park.alias","type":"string","rdfType":"http://www.w3.org/2001/XMLSchema#string","dwSourceId":"park_alias"},{"name":"city","title":"city","type":"string","rdfType":"http://www.w3.org/2001/XMLSchema#string","dwSourceId":"city"},{"name":"state","title":"state","type":"string","rdfType":"http://www.w3.org/2001/XMLSchema#string","dwSourceId":"state"},{"name":"country","title":"country","type":"string","rdfType":"http://www.w3.org/2001/XMLSchema#string","dwSourceId":"country"}]},"path":"data/parks.csv","format":"csv"},{"name":"pitching","schema":{"fields":[{"name":"playerid","title":"playerID","type":"string","rdfType":"http://www.w3.org/2001/XMLSchema#string","dwSourceId":"playerid"},{"name":"yearid","title":"yearID","type":"integer","rdfType":"http://www.w3.org/2001/XMLSchema#integer","dwSourceId":"yearid"},{"name":"stint","title":"stint","type":"integer","rdfType":"http://www.w3.org/2001/XMLSchema#integer","dwSourceId":"stint"},{"name":"teamid","title":"teamID","type":"string","rdfType":"http://www.w3.org/2001/XMLSchema#string","dwSourceId":"teamid"},{"name":"lgid","title":"lgID","type":"string","rdfType":"http://www.w3.org/2001/XMLSchema#string","dwSourceId":"lgid"},{"name":"w","title":"W","type":"integer","rdfType":"http://www.w3.org/2001/XMLSchema#integer","dwSourceId":"w"},{"name":"l","title":"L","type":"integer","rdfType":"http://www.w3.org/2001/XMLSchema#integer","dwSourceId":"l"},{"name":"g","title":"G","type":"integer","rdfType":"http://www.w3.org/2001/XMLSchema#integer","dwSourceId":"g"},{"name":"gs","title":"GS","type":"integer","rdfType":"http://www.w3.org/2001/XMLSchema#integer","dwSourceId":"gs"},{"name":"cg","title":"CG","type":"integer","rdfType":"http://www.w3.org/2001/XMLSchema#integer","dwSourceId":"cg"},{"name":"sho","title":"SHO","type":"integer","rdfType":"http://www.w3.org/2001/XMLSchema#integer","dwSourceId":"sho"},{"name":"sv","title":"SV","type":"integer","rdfType":"http://www.w3.org/2001/XMLSchema#integer","dwSourceId":"sv"},{"name":"ipouts","title":"IPouts","type":"integer","rdfType":"http://www.w3.org/2001/XMLSchema#integer","dwSourceId":"ipouts"},{"name":"h","title":"H","type":"integer","rdfType":"http://www.w3.org/2001/XMLSchema#integer","dwSourceId":"h"},{"name":"er","title":"ER","type":"integer","rdfType":"http://www.w3.org/2001/XMLSchema#integer","dwSourceId":"er"},{"name":"hr","title":"HR","type":"integer","rdfType":"http://www.w3.org/2001/XMLSchema#integer","dwSourceId":"hr"},{"name":"bb","title":"BB","type":"integer","rdfType":"http://www.w3.org/2001/XMLSchema#integer","dwSourceId":"bb"},{"name":"so","title":"SO","type":"integer","rdfType":"http://www.w3.org/2001/XMLSchema#integer","dwSourceId":"so"},{"name":"baopp","title":"BAOpp","type":"number","rdfType":"http://www.w3.org/2001/XMLSchema#decimal","dwSourceId":"baopp"},{"name":"era","title":"ERA","type":"number","rdfType":"http://www.w3.org/2001/XMLSchema#decimal","dwSourceId":"era"},{"name":"ibb","title":"IBB","type":"integer","rdfType":"http://www.w3.org/2001/XMLSchema#integer","dwSourceId":"ibb"},{"name":"wp","title":"WP","type":"integer","rdfType":"http://www.w3.org/2001/XMLSchema#integer","dwSourceId":"wp"},{"name":"hbp","title":"HBP","type":"integer","rdfType":"http://www.w3.org/2001/XMLSchema#integer","dwSourceId":"hbp"},{"name":"bk","title":"BK","type":"integer","rdfType":"http://www.w3.org/2001/XMLSchema#integer","dwSourceId":"bk"},{"name":"bfp","title":"BFP","type":"integer","rdfType":"http://www.w3.org/2001/XMLSchema#integer","dwSourceId":"bfp"},{"name":"gf","title":"GF","type":"integer","rdfType":"http://www.w3.org/2001/XMLSchema#integer","dwSourceId":"gf"},{"name":"r","title":"R","type":"integer","rdfType":"http://www.w3.org/2001/XMLSchema#integer","dwSourceId":"r"},{"name":"sh","title":"SH","type":"integer","rdfType":"http://www.w3.org/2001/XMLSchema#integer","dwSourceId":"sh"},{"name":"sf","title":"SF","type":"integer","rdfType":"http://www.w3.org/2001/XMLSchema#integer","dwSourceId":"sf"},{"name":"gidp","title":"GIDP","type":"integer","rdfType":"http://www.w3.org/2001/XMLSchema#integer","dwSourceId":"gidp"}]},"path":"data/pitching.csv","format":"csv"},{"name":"pitchingpost","schema":{"fields":[{"name":"playerid","title":"playerID","type":"string","rdfType":"http://www.w3.org/2001/XMLSchema#string","dwSourceId":"playerid"},{"name":"yearid","title":"yearID","type":"integer","rdfType":"http://www.w3.org/2001/XMLSchema#integer","dwSourceId":"yearid"},{"name":"round","title":"round","type":"string","rdfType":"http://www.w3.org/2001/XMLSchema#string","dwSourceId":"round"},{"name":"teamid","title":"teamID","type":"string","rdfType":"http://www.w3.org/2001/XMLSchema#string","dwSourceId":"teamid"},{"name":"lgid","title":"lgID","type":"string","rdfType":"http://www.w3.org/2001/XMLSchema#string","dwSourceId":"lgid"},{"name":"w","title":"W","type":"integer","rdfType":"http://www.w3.org/2001/XMLSchema#integer","dwSourceId":"w"},{"name":"l","title":"L","type":"integer","rdfType":"http://www.w3.org/2001/XMLSchema#integer","dwSourceId":"l"},{"name":"g","title":"G","type":"integer","rdfType":"http://www.w3.org/2001/XMLSchema#integer","dwSourceId":"g"},{"name":"gs","title":"GS","type":"integer","rdfType":"http://www.w3.org/2001/XMLSchema#integer","dwSourceId":"gs"},{"name":"cg","title":"CG","type":"integer","rdfType":"http://www.w3.org/2001/XMLSchema#integer","dwSourceId":"cg"},{"name":"sho","title":"SHO","type":"integer","rdfType":"http://www.w3.org/2001/XMLSchema#integer","dwSourceId":"sho"},{"name":"sv","title":"SV","type":"integer","rdfType":"http://www.w3.org/2001/XMLSchema#integer","dwSourceId":"sv"},{"name":"ipouts","title":"IPouts","type":"integer","rdfType":"http://www.w3.org/2001/XMLSchema#integer","dwSourceId":"ipouts"},{"name":"h","title":"H","type":"integer","rdfType":"http://www.w3.org/2001/XMLSchema#integer","dwSourceId":"h"},{"name":"er","title":"ER","type":"integer","rdfType":"http://www.w3.org/2001/XMLSchema#integer","dwSourceId":"er"},{"name":"hr","title":"HR","type":"integer","rdfType":"http://www.w3.org/2001/XMLSchema#integer","dwSourceId":"hr"},{"name":"bb","title":"BB","type":"integer","rdfType":"http://www.w3.org/2001/XMLSchema#integer","dwSourceId":"bb"},{"name":"so","title":"SO","type":"integer","rdfType":"http://www.w3.org/2001/XMLSchema#integer","dwSourceId":"so"},{"name":"baopp","title":"BAOpp","type":"number","rdfType":"http://www.w3.org/2001/XMLSchema#decimal","dwSourceId":"baopp"},{"name":"era","title":"ERA","type":"string","rdfType":"http://www.w3.org/2001/XMLSchema#string","dwSourceId":"era"},{"name":"ibb","title":"IBB","type":"integer","rdfType":"http://www.w3.org/2001/XMLSchema#integer","dwSourceId":"ibb"},{"name":"wp","title":"WP","type":"integer","rdfType":"http://www.w3.org/2001/XMLSchema#integer","dwSourceId":"wp"},{"name":"hbp","title":"HBP","type":"integer","rdfType":"http://www.w3.org/2001/XMLSchema#integer","dwSourceId":"hbp"},{"name":"bk","title":"BK","type":"boolean","rdfType":"http://www.w3.org/2001/XMLSchema#boolean","dwSourceId":"bk"},{"name":"bfp","title":"BFP","type":"integer","rdfType":"http://www.w3.org/2001/XMLSchema#integer","dwSourceId":"bfp"},{"name":"gf","title":"GF","type":"integer","rdfType":"http://www.w3.org/2001/XMLSchema#integer","dwSourceId":"gf"},{"name":"r","title":"R","type":"integer","rdfType":"http://www.w3.org/2001/XMLSchema#integer","dwSourceId":"r"},{"name":"sh","title":"SH","type":"integer","rdfType":"http://www.w3.org/2001/XMLSchema#integer","dwSourceId":"sh"},{"name":"sf","title":"SF","type":"integer","rdfType":"http://www.w3.org/2001/XMLSchema#integer","dwSourceId":"sf"},{"name":"gidp","title":"GIDP","type":"integer","rdfType":"http://www.w3.org/2001/XMLSchema#integer","dwSourceId":"gidp"}]},"path":"data/pitchingpost.csv","format":"csv"},{"name":"salaries","schema":{"fields":[{"name":"yearid","title":"yearID","type":"integer","rdfType":"http://www.w3.org/2001/XMLSchema#integer","dwSourceId":"yearid"},{"name":"teamid","title":"teamID","type":"string","rdfType":"http://www.w3.org/2001/XMLSchema#string","dwSourceId":"teamid"},{"name":"lgid","title":"lgID","type":"string","rdfType":"http://www.w3.org/2001/XMLSchema#string","dwSourceId":"lgid"},{"name":"playerid","title":"playerID","type":"string","rdfType":"http://www.w3.org/2001/XMLSchema#string","dwSourceId":"playerid"},{"name":"salary","title":"salary","type":"integer","rdfType":"http://www.w3.org/2001/XMLSchema#integer","dwSourceId":"salary"}]},"path":"data/salaries.csv","format":"csv"},{"name":"schools","schema":{"fields":[{"name":"schoolid","title":"schoolID","type":"string","rdfType":"http://www.w3.org/2001/XMLSchema#string","dwSourceId":"schoolid"},{"name":"name_full","title":"name_full","type":"string","rdfType":"http://www.w3.org/2001/XMLSchema#string","dwSourceId":"name_full"},{"name":"city","title":"city","type":"string","rdfType":"http://www.w3.org/2001/XMLSchema#string","dwSourceId":"city"},{"name":"state","title":"state","type":"string","rdfType":"http://www.w3.org/2001/XMLSchema#string","dwSourceId":"state"},{"name":"country","title":"country","type":"string","rdfType":"http://www.w3.org/2001/XMLSchema#string","dwSourceId":"country"}]},"path":"data/schools.csv","format":"csv"},{"name":"seriespost","schema":{"fields":[{"name":"yearid","title":"yearID","type":"integer","rdfType":"http://www.w3.org/2001/XMLSchema#integer","dwSourceId":"yearid"},{"name":"round","title":"round","type":"string","rdfType":"http://www.w3.org/2001/XMLSchema#string","dwSourceId":"round"},{"name":"teamidwinner","title":"teamIDwinner","type":"string","rdfType":"http://www.w3.org/2001/XMLSchema#string","dwSourceId":"teamidwinner"},{"name":"lgidwinner","title":"lgIDwinner","type":"string","rdfType":"http://www.w3.org/2001/XMLSchema#string","dwSourceId":"lgidwinner"},{"name":"teamidloser","title":"teamIDloser","type":"string","rdfType":"http://www.w3.org/2001/XMLSchema#string","dwSourceId":"teamidloser"},{"name":"lgidloser","title":"lgIDloser","type":"string","rdfType":"http://www.w3.org/2001/XMLSchema#string","dwSourceId":"lgidloser"},{"name":"wins","title":"wins","type":"integer","rdfType":"http://www.w3.org/2001/XMLSchema#integer","dwSourceId":"wins"},{"name":"losses","title":"losses","type":"integer","rdfType":"http://www.w3.org/2001/XMLSchema#integer","dwSourceId":"losses"},{"name":"ties","title":"ties","type":"boolean","rdfType":"http://www.w3.org/2001/XMLSchema#boolean","dwSourceId":"ties"}]},"path":"data/seriespost.csv","format":"csv"},{"name":"teams","schema":{"fields":[{"name":"yearid","title":"yearID","type":"integer","rdfType":"http://www.w3.org/2001/XMLSchema#integer","dwSourceId":"yearid"},{"name":"lgid","title":"lgID","type":"string","rdfType":"http://www.w3.org/2001/XMLSchema#string","dwSourceId":"lgid"},{"name":"teamid","title":"teamID","type":"string","rdfType":"http://www.w3.org/2001/XMLSchema#string","dwSourceId":"teamid"},{"name":"franchid","title":"franchID","type":"string","rdfType":"http://www.w3.org/2001/XMLSchema#string","dwSourceId":"franchid"},{"name":"divid","title":"divID","type":"string","rdfType":"http://www.w3.org/2001/XMLSchema#string","dwSourceId":"divid"},{"name":"rank","title":"Rank","type":"integer","rdfType":"http://www.w3.org/2001/XMLSchema#integer","dwSourceId":"rank"},{"name":"g","title":"G","type":"integer","rdfType":"http://www.w3.org/2001/XMLSchema#integer","dwSourceId":"g"},{"name":"ghome","title":"Ghome","type":"integer","rdfType":"http://www.w3.org/2001/XMLSchema#integer","dwSourceId":"ghome"},{"name":"w","title":"W","type":"integer","rdfType":"http://www.w3.org/2001/XMLSchema#integer","dwSourceId":"w"},{"name":"l","title":"L","type":"integer","rdfType":"http://www.w3.org/2001/XMLSchema#integer","dwSourceId":"l"},{"name":"divwin","title":"DivWin","type":"boolean","rdfType":"http://www.w3.org/2001/XMLSchema#boolean","dwSourceId":"divwin"},{"name":"wcwin","title":"WCWin","type":"boolean","rdfType":"http://www.w3.org/2001/XMLSchema#boolean","dwSourceId":"wcwin"},{"name":"lgwin","title":"LgWin","type":"boolean","rdfType":"http://www.w3.org/2001/XMLSchema#boolean","dwSourceId":"lgwin"},{"name":"wswin","title":"WSWin","type":"boolean","rdfType":"http://www.w3.org/2001/XMLSchema#boolean","dwSourceId":"wswin"},{"name":"r","title":"R","type":"integer","rdfType":"http://www.w3.org/2001/XMLSchema#integer","dwSourceId":"r"},{"name":"ab","title":"AB","type":"integer","rdfType":"http://www.w3.org/2001/XMLSchema#integer","dwSourceId":"ab"},{"name":"h","title":"H","type":"integer","rdfType":"http://www.w3.org/2001/XMLSchema#integer","dwSourceId":"h"},{"name":"2b","title":"2B","type":"integer","rdfType":"http://www.w3.org/2001/XMLSchema#integer","dwSourceId":"2b"},{"name":"3b","title":"3B","type":"integer","rdfType":"http://www.w3.org/2001/XMLSchema#integer","dwSourceId":"3b"},{"name":"hr","title":"HR","type":"integer","rdfType":"http://www.w3.org/2001/XMLSchema#integer","dwSourceId":"hr"},{"name":"bb","title":"BB","type":"integer","rdfType":"http://www.w3.org/2001/XMLSchema#integer","dwSourceId":"bb"},{"name":"so","title":"SO","type":"integer","rdfType":"http://www.w3.org/2001/XMLSchema#integer","dwSourceId":"so"},{"name":"sb","title":"SB","type":"integer","rdfType":"http://www.w3.org/2001/XMLSchema#integer","dwSourceId":"sb"},{"name":"cs","title":"CS","type":"integer","rdfType":"http://www.w3.org/2001/XMLSchema#integer","dwSourceId":"cs"},{"name":"hbp","title":"HBP","type":"integer","rdfType":"http://www.w3.org/2001/XMLSchema#integer","dwSourceId":"hbp"},{"name":"sf","title":"SF","type":"integer","rdfType":"http://www.w3.org/2001/XMLSchema#integer","dwSourceId":"sf"},{"name":"ra","title":"RA","type":"integer","rdfType":"http://www.w3.org/2001/XMLSchema#integer","dwSourceId":"ra"},{"name":"er","title":"ER","type":"integer","rdfType":"http://www.w3.org/2001/XMLSchema#integer","dwSourceId":"er"},{"name":"era","title":"ERA","type":"number","rdfType":"http://www.w3.org/2001/XMLSchema#decimal","dwSourceId":"era"},{"name":"cg","title":"CG","type":"integer","rdfType":"http://www.w3.org/2001/XMLSchema#integer","dwSourceId":"cg"},{"name":"sho","title":"SHO","type":"integer","rdfType":"http://www.w3.org/2001/XMLSchema#integer","dwSourceId":"sho"},{"name":"sv","title":"SV","type":"integer","rdfType":"http://www.w3.org/2001/XMLSchema#integer","dwSourceId":"sv"},{"name":"ipouts","title":"IPouts","type":"integer","rdfType":"http://www.w3.org/2001/XMLSchema#integer","dwSourceId":"ipouts"},{"name":"ha","title":"HA","type":"integer","rdfType":"http://www.w3.org/2001/XMLSchema#integer","dwSourceId":"ha"},{"name":"hra","title":"HRA","type":"integer","rdfType":"http://www.w3.org/2001/XMLSchema#integer","dwSourceId":"hra"},{"name":"bba","title":"BBA","type":"integer","rdfType":"http://www.w3.org/2001/XMLSchema#integer","dwSourceId":"bba"},{"name":"soa","title":"SOA","type":"integer","rdfType":"http://www.w3.org/2001/XMLSchema#integer","dwSourceId":"soa"},{"name":"e","title":"E","type":"integer","rdfType":"http://www.w3.org/2001/XMLSchema#integer","dwSourceId":"e"},{"name":"dp","title":"DP","type":"integer","rdfType":"http://www.w3.org/2001/XMLSchema#integer","dwSourceId":"dp"},{"name":"fp","title":"FP","type":"number","rdfType":"http://www.w3.org/2001/XMLSchema#decimal","dwSourceId":"fp"},{"name":"name","title":"name","type":"string","rdfType":"http://www.w3.org/2001/XMLSchema#string","dwSourceId":"name"},{"name":"park","title":"park","type":"string","rdfType":"http://www.w3.org/2001/XMLSchema#string","dwSourceId":"park"},{"name":"attendance","title":"attendance","type":"integer","rdfType":"http://www.w3.org/2001/XMLSchema#integer","dwSourceId":"attendance"},{"name":"bpf","title":"BPF","type":"integer","rdfType":"http://www.w3.org/2001/XMLSchema#integer","dwSourceId":"bpf"},{"name":"ppf","title":"PPF","type":"integer","rdfType":"http://www.w3.org/2001/XMLSchema#integer","dwSourceId":"ppf"},{"name":"teamidbr","title":"teamIDBR","type":"string","rdfType":"http://www.w3.org/2001/XMLSchema#string","dwSourceId":"teamidbr"},{"name":"teamidlahman45","title":"teamIDlahman45","type":"string","rdfType":"http://www.w3.org/2001/XMLSchema#string","dwSourceId":"teamidlahman45"},{"name":"teamidretro","title":"teamIDretro","type":"string","rdfType":"http://www.w3.org/2001/XMLSchema#string","dwSourceId":"teamidretro"}]},"path":"data/teams.csv","format":"csv"},{"name":"teamsfranchises","schema":{"fields":[{"name":"franchid","title":"franchID","type":"string","rdfType":"http://www.w3.org/2001/XMLSchema#string","dwSourceId":"franchid"},{"name":"franchname","title":"franchName","type":"string","rdfType":"http://www.w3.org/2001/XMLSchema#string","dwSourceId":"franchname"},{"name":"active","title":"active","type":"string","rdfType":"http://www.w3.org/2001/XMLSchema#string","dwSourceId":"active"},{"name":"naassoc","title":"NAassoc","type":"string","rdfType":"http://www.w3.org/2001/XMLSchema#string","dwSourceId":"naassoc"}]},"path":"data/teamsfranchises.csv","format":"csv"},{"name":"teamshalf","schema":{"fields":[{"name":"yearid","title":"yearID","type":"integer","rdfType":"http://www.w3.org/2001/XMLSchema#integer","dwSourceId":"yearid"},{"name":"lgid","title":"lgID","type":"string","rdfType":"http://www.w3.org/2001/XMLSchema#string","dwSourceId":"lgid"},{"name":"teamid","title":"teamID","type":"string","rdfType":"http://www.w3.org/2001/XMLSchema#string","dwSourceId":"teamid"},{"name":"half","title":"Half","type":"integer","rdfType":"http://www.w3.org/2001/XMLSchema#integer","dwSourceId":"half"},{"name":"divid","title":"divID","type":"string","rdfType":"http://www.w3.org/2001/XMLSchema#string","dwSourceId":"divid"},{"name":"divwin","title":"DivWin","type":"boolean","rdfType":"http://www.w3.org/2001/XMLSchema#boolean","dwSourceId":"divwin"},{"name":"rank","title":"Rank","type":"integer","rdfType":"http://www.w3.org/2001/XMLSchema#integer","dwSourceId":"rank"},{"name":"g","title":"G","type":"integer","rdfType":"http://www.w3.org/2001/XMLSchema#integer","dwSourceId":"g"},{"name":"w","title":"W","type":"integer","rdfType":"http://www.w3.org/2001/XMLSchema#integer","dwSourceId":"w"},{"name":"l","title":"L","type":"integer","rdfType":"http://www.w3.org/2001/XMLSchema#integer","dwSourceId":"l"}]},"path":"data/teamshalf.csv","format":"csv"},{"name":"original/AllstarFull.csv","path":"original/AllstarFull.csv","format":"csv","mediatype":"text/csv","bytes":208224},{"name":"original/Appearances.csv","path":"original/Appearances.csv","format":"csv","mediatype":"text/csv","bytes":5989686},{"name":"original/AwardsManagers.csv","path":"original/AwardsManagers.csv","format":"csv","mediatype":"text/csv","bytes":8104},{"name":"original/AwardsPlayers.csv","path":"original/AwardsPlayers.csv","format":"csv","mediatype":"text/csv","bytes":246769},{"name":"original/AwardsShareManagers.csv","path":"original/AwardsShareManagers.csv","format":"csv","mediatype":"text/csv","bytes":18188},{"name":"original/AwardsSharePlayers.csv","path":"original/AwardsSharePlayers.csv","format":"csv","mediatype":"text/csv","bytes":229613},{"name":"original/Batting.csv","path":"original/Batting.csv","format":"csv","mediatype":"text/csv","bytes":6247523},{"name":"original/BattingPost.csv","path":"original/BattingPost.csv","format":"csv","mediatype":"text/csv","bytes":716496},{"name":"original/CollegePlaying.csv","path":"original/CollegePlaying.csv","format":"csv","mediatype":"text/csv","bytes":421825},{"name":"original/Fielding.csv","path":"original/Fielding.csv","format":"csv","mediatype":"text/csv","bytes":8332646},{"name":"original/FieldingOF.csv","path":"original/FieldingOF.csv","format":"csv","mediatype":"text/csv","bytes":298470},{"name":"original/FieldingPost.csv","path":"original/FieldingPost.csv","format":"csv","mediatype":"text/csv","bytes":630940},{"name":"original/HallOfFame.csv","path":"original/HallOfFame.csv","format":"csv","mediatype":"text/csv","bytes":176473},{"name":"original/HomeGames.csv","path":"original/HomeGames.csv","format":"csv","mediatype":"text/csv","bytes":153805},{"name":"original/Managers.csv","path":"original/Managers.csv","format":"csv","mediatype":"text/csv","bytes":131252},{"name":"original/ManagersHalf.csv","path":"original/ManagersHalf.csv","format":"csv","mediatype":"text/csv","bytes":3568},{"name":"original/Master.csv","path":"original/Master.csv","format":"csv","mediatype":"text/csv","bytes":2470871},{"name":"original/Parks.csv","path":"original/Parks.csv","format":"csv","mediatype":"text/csv","bytes":11424},{"name":"original/Pitching.csv","path":"original/Pitching.csv","format":"csv","mediatype":"text/csv","bytes":3862098},{"name":"original/PitchingPost.csv","path":"original/PitchingPost.csv","format":"csv","mediatype":"text/csv","bytes":422494},{"name":"original/Salaries.csv","path":"original/Salaries.csv","format":"csv","mediatype":"text/csv","bytes":774546},{"name":"original/Schools.csv","path":"original/Schools.csv","format":"csv","mediatype":"text/csv","bytes":62454},{"name":"original/SeriesPost.csv","path":"original/SeriesPost.csv","format":"csv","mediatype":"text/csv","bytes":9445},{"name":"original/Teams.csv","path":"original/Teams.csv","format":"csv","mediatype":"text/csv","bytes":550073},{"name":"original/TeamsFranchises.csv","path":"original/TeamsFranchises.csv","format":"csv","mediatype":"text/csv","bytes":3359},{"name":"original/TeamsHalf.csv","path":"original/TeamsHalf.csv","format":"csv","mediatype":"text/csv","bytes":1609},{"name":"original/readme2014.txt","path":"original/readme2014.txt","format":"txt","mediatype":"text/plain","bytes":30567}],"keywords":["baseball","baseball statistics"]}